Modelo,Detalles,R2 train,R2 test,MAE train,MAE test
ANN,Datos Escalados,-0.8630057085891361,-1.0339239640212754,485974.9987393066,470232.882181268
