Modelo,Detalles,R2 train,R2 test,MAE train,MAE test
Regresión Lineal,Sin procesar,0.8984,0.6064,85108.46756873534,187211.02069258885
Regresión Bridge,Sin procesar,0.8703,0.6252,92224.22572497292,191317.60563015193
SVM linear,Sin procesar,0.8150,0.6758,100237.20495180937,185210.33831272044
SVM poly,Sin procesar,-0.1296,-0.0882,225990.99364822143,338429.185516127
SVM rbf,Sin procesar,-0.1720,-0.1051,227704.8432981706,339847.1700514648
SVM sigmoid,Sin procesar,-0.1721,-0.1052,227712.4457446217,339853.1172370623
xgboost Regresion,Sin procesar,1.0000,0.6011,154.0521707214765,154047.63527960525
Gradient Boosting Regressor,Sin procesar,0.9955,0.5745,18768.389799155197,164684.50261980417
Árbol de regresión,Sin procesar,0.7927,0.4487,90435.97070652776,190445.78971407437
